{"cameraMode":{"drawMode":0,"name":"Shaded","section":"Shading Mode"},"sceneLighting":true,"audioPlay":false,"sceneViewState":{"m_AlwaysRefresh":false,"showFog":true,"showSkybox":true,"showFlares":true,"showImageEffects":true,"showParticleSystems":true,"showVisualEffectGraphs":true,"m_FxEnabled":false},"in2DMode":false,"pivot":{"x":-0.36361995339393618,"y":-5.422693252563477,"z":192.2052001953125},"rotation":{"x":0.08271542191505432,"y":-0.004491160158067942,"z":0.00038057391066104174,"w":0.9965839385986328},"size":20.57038116455078,"orthographic":false}